<?xml version = '1.0' encoding = 'UTF-8'?>
<FKIndexAssociation class="oracle.dbtools.crest.model.design.relational.FKIndexAssociation" directorySegmentName="seg_0" id="353725CD-7986-6DFD-4635-52BD1AAD36C1" containerWithKeyObject="036720E9-F0A7-108E-B325-01A74C8D6448" localFKIndex="ABF85853-D6E9-F7B2-B872-498D9939AA9E" name="FK01_ATFTB003_ATFTB005">
<createdBy>ead</createdBy>
<createdTime>2025-06-17 00:21:26 UTC</createdTime>
<ownerDesignName>DMD_Logico-AutoFacil</ownerDesignName>
<referredTableLongName>ATFTB003_VEICULO</referredTableLongName>
<deleteRule>NO ACTION</deleteRule>
<referredTableID>712EA1C6-EC3F-26BE-3D67-DB104D1A1222</referredTableID>
<keyObject>FE20A669-372E-51C6-86C8-33532D2EFE92</keyObject>
<referredKeyID>FE20A669-372E-51C6-86C8-33532D2EFE92</referredKeyID>
<mandatory>true</mandatory>
<refColNames>ID_VEICULO</refColNames>
<transferable>true</transferable>
<rely>false</rely>
<columnDependencyConstraintGenerateInDDL>true</columnDependencyConstraintGenerateInDDL>
</FKIndexAssociation>