<?xml version = '1.0' encoding = 'UTF-8'?>
<FKIndexAssociation class="oracle.dbtools.crest.model.design.relational.FKIndexAssociation" directorySegmentName="seg_0" id="92FF977C-A555-BFEA-A449-7BEADC797BD3" containerWithKeyObject="036720E9-F0A7-108E-B325-01A74C8D6448" localFKIndex="B5B9B0D7-B60C-9531-98CE-86385B68D251" name="FK02_ATFTB004_ATFTB005">
<createdBy>ead</createdBy>
<createdTime>2025-06-17 00:21:26 UTC</createdTime>
<ownerDesignName>DMD_Logico-AutoFacil</ownerDesignName>
<referredTableLongName>ATFTB004_VENDA</referredTableLongName>
<deleteRule>NO ACTION</deleteRule>
<referredTableID>85313B1D-1885-AAE0-7453-1062F73990F7</referredTableID>
<keyObject>AC945FAC-A418-A311-88DF-11C120AF2F85</keyObject>
<referredKeyID>AC945FAC-A418-A311-88DF-11C120AF2F85</referredKeyID>
<mandatory>true</mandatory>
<refColNames>ID_VENDA</refColNames>
<transferable>true</transferable>
<rely>false</rely>
<columnDependencyConstraintGenerateInDDL>true</columnDependencyConstraintGenerateInDDL>
</FKIndexAssociation>