<?xml version = '1.0' encoding = 'UTF-8'?>
<FKIndexAssociation class="oracle.dbtools.crest.model.design.relational.FKIndexAssociation" directorySegmentName="seg_0" id="969249B4-990D-174E-FD3A-585B4F100A96" containerWithKeyObject="85313B1D-1885-AAE0-7453-1062F73990F7" localFKIndex="8D4ECF3F-40BA-3AF0-3A64-16BF1E132EAE" name="FK01_ATFTB001_ATFTB004">
<createdBy>ead</createdBy>
<createdTime>2025-06-17 00:15:26 UTC</createdTime>
<ownerDesignName>DMD_Logico-AutoFacil</ownerDesignName>
<referredTableLongName>ATFTB001_CLIENTE</referredTableLongName>
<deleteRule>NO ACTION</deleteRule>
<referredTableID>0A42619E-424B-86FB-84C5-DFCA822A5840</referredTableID>
<keyObject>1BE8B345-4913-2308-E592-51635FBF3779</keyObject>
<referredKeyID>1BE8B345-4913-2308-E592-51635FBF3779</referredKeyID>
<mandatory>true</mandatory>
<refColNames>ID_CLIENTE</refColNames>
<transferable>true</transferable>
<rely>false</rely>
<columnDependencyConstraintGenerateInDDL>true</columnDependencyConstraintGenerateInDDL>
</FKIndexAssociation>