<?xml version = '1.0' encoding = 'UTF-8'?>
<FKIndexAssociation class="oracle.dbtools.crest.model.design.relational.FKIndexAssociation" directorySegmentName="seg_0" id="C73A6675-D48D-6D41-FF62-0D9B32A815F2" containerWithKeyObject="85313B1D-1885-AAE0-7453-1062F73990F7" localFKIndex="5EEC3E1A-5A90-0FF2-2A5B-4EAC4768EA03" name="FK02_ATFTB002_ATFTB004">
<createdBy>ead</createdBy>
<createdTime>2025-06-17 00:15:26 UTC</createdTime>
<ownerDesignName>DMD_Logico-AutoFacil</ownerDesignName>
<referredTableLongName>ATFTB002_VENDEDOR</referredTableLongName>
<deleteRule>NO ACTION</deleteRule>
<referredTableID>6B843F90-19E7-1A4E-CD5F-701284EC512E</referredTableID>
<keyObject>1A7BDF46-0020-62A4-5F6C-3CD64F259372</keyObject>
<referredKeyID>1A7BDF46-0020-62A4-5F6C-3CD64F259372</referredKeyID>
<mandatory>true</mandatory>
<refColNames>ID_VENDEDOR</refColNames>
<transferable>true</transferable>
<rely>false</rely>
<columnDependencyConstraintGenerateInDDL>true</columnDependencyConstraintGenerateInDDL>
</FKIndexAssociation>