<?xml version = '1.0' encoding = 'UTF-8'?>
<Table class="oracle.dbtools.crest.model.design.relational.Table" directorySegmentName="seg_0" id="036720E9-F0A7-108E-B325-01A74C8D6448" name="ATFTB005_VENDA_VEICULO">
<createdBy>ead</createdBy>
<createdTime>2025-06-17 00:19:31 UTC</createdTime>
<commentInRDBMS><![CDATA[Tabela associativa entre veículos e vendas.]]></commentInRDBMS>
<ownerDesignName>DMD_Logico-AutoFacil</ownerDesignName>
<ordsAlias>table_5</ordsAlias>
<allowColumnReorder>false</allowColumnReorder>
<existDependencyGenerateInDDl>true</existDependencyGenerateInDDl>
<parsed>true</parsed>
<columns itemClass="oracle.dbtools.crest.model.design.relational.Column">
<Column name="ID_VENDA" id="313E6501-5E67-D7BF-E84D-BAAF54A799F8">
<createdBy>ead</createdBy>
<createdTime>2025-06-17 00:21:26 UTC</createdTime>
<commentInRDBMS><![CDATA[Identificador da venda.]]></commentInRDBMS>
<ownerDesignName>DMD_Logico-AutoFacil</ownerDesignName>
<useDomainConstraints>false</useDomainConstraints>
<use>1</use>
<logicalDatatype>LOGDT019</logicalDatatype>
<dataTypePrecision>20</dataTypePrecision>
<ownDataTypeParameters>,,</ownDataTypeParameters>
<autoIncrementCycle>false</autoIncrementCycle>
<associations>
<colAssociation fkAssociation="92FF977C-A555-BFEA-A449-7BEADC797BD3" referredColumn="CF94FEDB-8A5E-FC53-562C-6958E4C2712D"/>
</associations>
</Column>
<Column name="ID_VEICULO" id="A4E0C727-0429-82D5-7C78-4307E12DB384">
<createdBy>ead</createdBy>
<createdTime>2025-06-17 00:21:26 UTC</createdTime>
<commentInRDBMS><![CDATA[Identificador do veículo]]></commentInRDBMS>
<ownerDesignName>DMD_Logico-AutoFacil</ownerDesignName>
<useDomainConstraints>false</useDomainConstraints>
<use>1</use>
<logicalDatatype>LOGDT019</logicalDatatype>
<dataTypePrecision>20</dataTypePrecision>
<ownDataTypeParameters>,,</ownDataTypeParameters>
<autoIncrementCycle>false</autoIncrementCycle>
<associations>
<colAssociation fkAssociation="353725CD-7986-6DFD-4635-52BD1AAD36C1" referredColumn="04297615-CE8E-DD06-A411-586AFE3370AD"/>
</associations>
</Column>
</columns>
<indexes itemClass="oracle.dbtools.crest.model.design.relational.Index">
<ind_PK_UK id="988FFA32-C5AA-BEAB-ECFC-85DAF5D8F167" name="PK_ATFTB005">
<createdBy>ead</createdBy>
<createdTime>2025-06-17 00:21:26 UTC</createdTime>
<ownerDesignName>DMD_Logico-AutoFacil</ownerDesignName>
<pk>true</pk>
<indexState>Primary Constraint</indexState>
<isSurrogateKey>false</isSurrogateKey>
<indexColumnUsage>
<colUsage columnID="313E6501-5E67-D7BF-E84D-BAAF54A799F8"/>
<colUsage columnID="A4E0C727-0429-82D5-7C78-4307E12DB384"/>
</indexColumnUsage>
</ind_PK_UK>
<ind_PK_UK id="ABF85853-D6E9-F7B2-B872-498D9939AA9E" name="FK01_ATFTB003_ATFTB005">
<createdBy>ead</createdBy>
<createdTime>2025-06-17 00:21:26 UTC</createdTime>
<ownerDesignName>DMD_Logico-AutoFacil</ownerDesignName>
<indexState>Foreign Key</indexState>
<isSurrogateKey>false</isSurrogateKey>
<indexColumnUsage>
<colUsage columnID="A4E0C727-0429-82D5-7C78-4307E12DB384"/>
</indexColumnUsage>
</ind_PK_UK>
<ind_PK_UK id="B5B9B0D7-B60C-9531-98CE-86385B68D251" name="FK02_ATFTB004_ATFTB005">
<createdBy>ead</createdBy>
<createdTime>2025-06-17 00:21:26 UTC</createdTime>
<ownerDesignName>DMD_Logico-AutoFacil</ownerDesignName>
<indexState>Foreign Key</indexState>
<isSurrogateKey>false</isSurrogateKey>
<indexColumnUsage>
<colUsage columnID="313E6501-5E67-D7BF-E84D-BAAF54A799F8"/>
</indexColumnUsage>
</ind_PK_UK>
</indexes>
</Table>