<?xml version = '1.0' encoding = 'UTF-8'?>
<Table class="oracle.dbtools.crest.model.design.relational.Table" directorySegmentName="seg_0" id="0A42619E-424B-86FB-84C5-DFCA822A5840" name="ATFTB001_CLIENTE">
<createdBy>ead</createdBy>
<createdTime>2025-06-17 00:00:55 UTC</createdTime>
<commentInRDBMS><![CDATA[Armazena dados sobre os clientes da concessionária.]]></commentInRDBMS>
<ownerDesignName>DMD_Logico-AutoFacil</ownerDesignName>
<ordsAlias>table_1</ordsAlias>
<allowColumnReorder>false</allowColumnReorder>
<existDependencyGenerateInDDl>true</existDependencyGenerateInDDl>
<parsed>true</parsed>
<columns itemClass="oracle.dbtools.crest.model.design.relational.Column">
<Column name="ID_CLIENTE" id="0CF64CAB-269E-0E87-4F85-A153DD321E09">
<createdBy>ead</createdBy>
<createdTime>2025-06-17 00:02:27 UTC</createdTime>
<commentInRDBMS><![CDATA[Identificador único serial do cliente.]]></commentInRDBMS>
<ownerDesignName>DMD_Logico-AutoFacil</ownerDesignName>
<useDomainConstraints>false</useDomainConstraints>
<use>1</use>
<logicalDatatype>LOGDT019</logicalDatatype>
<dataTypePrecision>10</dataTypePrecision>
<ownDataTypeParameters>,10,</ownDataTypeParameters>
<autoIncrementCycle>false</autoIncrementCycle>
</Column>
<Column name="NR_CPF" id="FC91AA18-3EA0-48D4-3E84-FB5F890BC262">
<createdBy>ead</createdBy>
<createdTime>2025-06-17 00:02:27 UTC</createdTime>
<commentInRDBMS><![CDATA[Número do Cadastro de Pessoa Física do cliente.]]></commentInRDBMS>
<ownerDesignName>DMD_Logico-AutoFacil</ownerDesignName>
<useDomainConstraints>false</useDomainConstraints>
<use>1</use>
<logicalDatatype>LOGDT025</logicalDatatype>
<dataTypeSize>11 CHAR</dataTypeSize>
<ownDataTypeParameters>11 CHAR,,</ownDataTypeParameters>
<autoIncrementCycle>false</autoIncrementCycle>
</Column>
<Column name="NO_CLIENTE" id="B9C700D3-F186-1AAD-E20B-5858A649217B">
<createdBy>ead</createdBy>
<createdTime>2025-06-17 00:02:27 UTC</createdTime>
<commentInRDBMS><![CDATA[Nome do cliente.]]></commentInRDBMS>
<ownerDesignName>DMD_Logico-AutoFacil</ownerDesignName>
<useDomainConstraints>false</useDomainConstraints>
<use>1</use>
<logicalDatatype>LOGDT024</logicalDatatype>
<dataTypeSize>200 CHAR</dataTypeSize>
<ownDataTypeParameters>200 CHAR,,</ownDataTypeParameters>
<autoIncrementCycle>false</autoIncrementCycle>
</Column>
</columns>
<indexes itemClass="oracle.dbtools.crest.model.design.relational.Index">
<ind_PK_UK id="1BE8B345-4913-2308-E592-51635FBF3779" name="PK_ATFTB001">
<createdBy>ead</createdBy>
<createdTime>2025-06-17 00:02:27 UTC</createdTime>
<ownerDesignName>DMD_Logico-AutoFacil</ownerDesignName>
<pk>true</pk>
<indexState>Primary Constraint</indexState>
<isSurrogateKey>false</isSurrogateKey>
<indexColumnUsage>
<colUsage columnID="0CF64CAB-269E-0E87-4F85-A153DD321E09"/>
</indexColumnUsage>
</ind_PK_UK>
<ind_PK_UK id="0B1FD095-3C8C-24A2-FAB6-722FF0BC17E3" name="UK01_ATFTB001">
<createdBy>ead</createdBy>
<createdTime>2025-06-17 00:03:24 UTC</createdTime>
<comment><![CDATA[Chave única para evitar duplicidade de dados.]]></comment>
<ownerDesignName>DMD_Logico-AutoFacil</ownerDesignName>
<indexState>Unique Constraint</indexState>
<isSurrogateKey>false</isSurrogateKey>
<indexColumnUsage>
<colUsage columnID="B9C700D3-F186-1AAD-E20B-5858A649217B"/>
<colUsage columnID="FC91AA18-3EA0-48D4-3E84-FB5F890BC262"/>
</indexColumnUsage>
</ind_PK_UK>
</indexes>
</Table>