<?xml version = '1.0' encoding = 'UTF-8'?>
<Table class="oracle.dbtools.crest.model.design.relational.Table" directorySegmentName="seg_0" id="6B843F90-19E7-1A4E-CD5F-701284EC512E" name="ATFTB002_VENDEDOR">
<createdBy>ead</createdBy>
<createdTime>2025-06-17 00:03:39 UTC</createdTime>
<commentInRDBMS><![CDATA[Armazena dados sobre os vendedores da concessionária.]]></commentInRDBMS>
<ownerDesignName>DMD_Logico-AutoFacil</ownerDesignName>
<ordsAlias>table_2</ordsAlias>
<allowColumnReorder>false</allowColumnReorder>
<existDependencyGenerateInDDl>true</existDependencyGenerateInDDl>
<parsed>true</parsed>
<columns itemClass="oracle.dbtools.crest.model.design.relational.Column">
<Column name="ID_VENDEDOR" id="5BFE6C8C-70C8-6F55-3A21-5D3C3B80BCE4">
<createdBy>ead</createdBy>
<createdTime>2025-06-17 00:05:08 UTC</createdTime>
<commentInRDBMS><![CDATA[Identificador único serial do vendedor.]]></commentInRDBMS>
<ownerDesignName>DMD_Logico-AutoFacil</ownerDesignName>
<useDomainConstraints>false</useDomainConstraints>
<use>1</use>
<logicalDatatype>LOGDT019</logicalDatatype>
<dataTypePrecision>10</dataTypePrecision>
<defaultValue>SQ01_ATFTB002.nextval</defaultValue>
<ownDataTypeParameters>,10,</ownDataTypeParameters>
<autoIncrementColumn>true</autoIncrementColumn>
<autoIncrementCycle>false</autoIncrementCycle>
<autoIncrementSequenceName>SQ01_ATFTB002</autoIncrementSequenceName>
<autoIncrementGenerateTrigger>false</autoIncrementGenerateTrigger>
</Column>
<Column name="NR_MATRICULA" id="A16E4463-7629-E420-395C-AD94E6D02691">
<createdBy>ead</createdBy>
<createdTime>2025-06-17 00:05:08 UTC</createdTime>
<commentInRDBMS><![CDATA[Número da matrícula do vendedor.]]></commentInRDBMS>
<ownerDesignName>DMD_Logico-AutoFacil</ownerDesignName>
<useDomainConstraints>false</useDomainConstraints>
<use>1</use>
<logicalDatatype>LOGDT019</logicalDatatype>
<dataTypePrecision>20</dataTypePrecision>
<ownDataTypeParameters>,20,</ownDataTypeParameters>
<autoIncrementCycle>false</autoIncrementCycle>
</Column>
<Column name="NO_VENDEDOR" id="EE6087B8-FBFD-2042-495F-797FCC3F5117">
<createdBy>ead</createdBy>
<createdTime>2025-06-17 00:05:08 UTC</createdTime>
<commentInRDBMS><![CDATA[Nome do vendedor.]]></commentInRDBMS>
<ownerDesignName>DMD_Logico-AutoFacil</ownerDesignName>
<useDomainConstraints>false</useDomainConstraints>
<use>1</use>
<logicalDatatype>LOGDT024</logicalDatatype>
<dataTypeSize>200 CHAR</dataTypeSize>
<ownDataTypeParameters>200 CHAR,,</ownDataTypeParameters>
<autoIncrementCycle>false</autoIncrementCycle>
</Column>
</columns>
<indexes itemClass="oracle.dbtools.crest.model.design.relational.Index">
<ind_PK_UK id="1A7BDF46-0020-62A4-5F6C-3CD64F259372" name="PK_ATFTB002">
<createdBy>ead</createdBy>
<createdTime>2025-06-17 00:05:08 UTC</createdTime>
<ownerDesignName>DMD_Logico-AutoFacil</ownerDesignName>
<pk>true</pk>
<indexState>Primary Constraint</indexState>
<isSurrogateKey>false</isSurrogateKey>
<indexColumnUsage>
<colUsage columnID="5BFE6C8C-70C8-6F55-3A21-5D3C3B80BCE4"/>
</indexColumnUsage>
</ind_PK_UK>
<ind_PK_UK id="3AC6BA13-F3F7-6F21-5CA2-A2BE0CC5508B" name="UK01_ATFTB002">
<createdBy>ead</createdBy>
<createdTime>2025-06-17 00:05:29 UTC</createdTime>
<ownerDesignName>DMD_Logico-AutoFacil</ownerDesignName>
<indexState>Unique Constraint</indexState>
<isSurrogateKey>false</isSurrogateKey>
<indexColumnUsage>
<colUsage columnID="A16E4463-7629-E420-395C-AD94E6D02691"/>
<colUsage columnID="EE6087B8-FBFD-2042-495F-797FCC3F5117"/>
</indexColumnUsage>
</ind_PK_UK>
</indexes>
</Table>