<?xml version = '1.0' encoding = 'UTF-8'?>
<Table class="oracle.dbtools.crest.model.design.relational.Table" directorySegmentName="seg_0" id="85313B1D-1885-AAE0-7453-1062F73990F7" name="ATFTB004_VENDA">
<createdBy>ead</createdBy>
<createdTime>2025-06-17 00:13:23 UTC</createdTime>
<commentInRDBMS><![CDATA[Armazena dados sobre as vendas realizadas na concessionária.]]></commentInRDBMS>
<ownerDesignName>DMD_Logico-AutoFacil</ownerDesignName>
<ordsAlias>table_4</ordsAlias>
<allowColumnReorder>false</allowColumnReorder>
<existDependencyGenerateInDDl>true</existDependencyGenerateInDDl>
<parsed>true</parsed>
<columns itemClass="oracle.dbtools.crest.model.design.relational.Column">
<Column name="ID_VENDA" id="CF94FEDB-8A5E-FC53-562C-6958E4C2712D">
<createdBy>ead</createdBy>
<createdTime>2025-06-17 00:13:44 UTC</createdTime>
<commentInRDBMS><![CDATA[Identificador único serial da venda.]]></commentInRDBMS>
<ownerDesignName>DMD_Logico-AutoFacil</ownerDesignName>
<useDomainConstraints>false</useDomainConstraints>
<use>1</use>
<logicalDatatype>LOGDT019</logicalDatatype>
<dataTypePrecision>20</dataTypePrecision>
<defaultValue>SQ01_ATFTB004.nextval</defaultValue>
<ownDataTypeParameters>,20,</ownDataTypeParameters>
<autoIncrementColumn>true</autoIncrementColumn>
<autoIncrementCycle>false</autoIncrementCycle>
<autoIncrementSequenceName>SQ01_ATFTB004</autoIncrementSequenceName>
<autoIncrementGenerateTrigger>false</autoIncrementGenerateTrigger>
</Column>
<Column name="DT_VENDA" id="1795C419-C58D-D604-DAFA-439F721FB751">
<createdBy>ead</createdBy>
<createdTime>2025-06-17 00:13:58 UTC</createdTime>
<commentInRDBMS><![CDATA[Data em que a venda foi realizada.]]></commentInRDBMS>
<ownerDesignName>DMD_Logico-AutoFacil</ownerDesignName>
<useDomainConstraints>false</useDomainConstraints>
<use>1</use>
<logicalDatatype>LOGDT007</logicalDatatype>
<ownDataTypeParameters>,,</ownDataTypeParameters>
<autoIncrementCycle>false</autoIncrementCycle>
</Column>
<Column name="ID_CLIENTE" id="72C64A9D-AFFF-446B-161A-A428F880EF12">
<createdBy>ead</createdBy>
<createdTime>2025-06-17 00:14:43 UTC</createdTime>
<commentInRDBMS><![CDATA[Identificador do cliente que realizou a venda.]]></commentInRDBMS>
<ownerDesignName>DMD_Logico-AutoFacil</ownerDesignName>
<useDomainConstraints>false</useDomainConstraints>
<use>1</use>
<logicalDatatype>LOGDT019</logicalDatatype>
<dataTypePrecision>10</dataTypePrecision>
<ownDataTypeParameters>,,</ownDataTypeParameters>
<autoIncrementCycle>false</autoIncrementCycle>
<associations>
<colAssociation fkAssociation="969249B4-990D-174E-FD3A-585B4F100A96" referredColumn="0CF64CAB-269E-0E87-4F85-A153DD321E09"/>
</associations>
</Column>
<Column name="ID_VENDEDOR" id="E860A1B2-D6E3-49CB-F548-44E92762A5F0">
<createdBy>ead</createdBy>
<createdTime>2025-06-17 00:14:43 UTC</createdTime>
<commentInRDBMS><![CDATA[Identificador do vendedor que realizou a venda.]]></commentInRDBMS>
<ownerDesignName>DMD_Logico-AutoFacil</ownerDesignName>
<useDomainConstraints>false</useDomainConstraints>
<use>1</use>
<logicalDatatype>LOGDT019</logicalDatatype>
<dataTypePrecision>10</dataTypePrecision>
<ownDataTypeParameters>,,</ownDataTypeParameters>
<autoIncrementCycle>false</autoIncrementCycle>
<associations>
<colAssociation fkAssociation="C73A6675-D48D-6D41-FF62-0D9B32A815F2" referredColumn="5BFE6C8C-70C8-6F55-3A21-5D3C3B80BCE4"/>
</associations>
</Column>
</columns>
<indexes itemClass="oracle.dbtools.crest.model.design.relational.Index">
<ind_PK_UK id="AC945FAC-A418-A311-88DF-11C120AF2F85" name="PK_ATFTB004">
<createdBy>ead</createdBy>
<createdTime>2025-06-17 00:14:16 UTC</createdTime>
<ownerDesignName>DMD_Logico-AutoFacil</ownerDesignName>
<pk>true</pk>
<indexState>Primary Constraint</indexState>
<isSurrogateKey>false</isSurrogateKey>
<indexColumnUsage>
<colUsage columnID="CF94FEDB-8A5E-FC53-562C-6958E4C2712D"/>
</indexColumnUsage>
</ind_PK_UK>
<ind_PK_UK id="8D4ECF3F-40BA-3AF0-3A64-16BF1E132EAE" name="FK01_ATFTB001_ATFTB004">
<createdBy>ead</createdBy>
<createdTime>2025-06-17 00:15:26 UTC</createdTime>
<ownerDesignName>DMD_Logico-AutoFacil</ownerDesignName>
<indexState>Foreign Key</indexState>
<isSurrogateKey>false</isSurrogateKey>
<indexColumnUsage>
<colUsage columnID="72C64A9D-AFFF-446B-161A-A428F880EF12"/>
</indexColumnUsage>
</ind_PK_UK>
<ind_PK_UK id="5EEC3E1A-5A90-0FF2-2A5B-4EAC4768EA03" name="FK02_ATFTB002_ATFTB004">
<createdBy>ead</createdBy>
<createdTime>2025-06-17 00:15:26 UTC</createdTime>
<ownerDesignName>DMD_Logico-AutoFacil</ownerDesignName>
<indexState>Foreign Key</indexState>
<isSurrogateKey>false</isSurrogateKey>
<indexColumnUsage>
<colUsage columnID="E860A1B2-D6E3-49CB-F548-44E92762A5F0"/>
</indexColumnUsage>
</ind_PK_UK>
</indexes>
</Table>