<?xml version = '1.0' encoding = 'UTF-8'?>
<Diagram class="oracle.dbtools.crest.swingui.relational.DPVRelational" name="Relational_1" id="C2DF57DC-F116-2E4B-5C67-F5F55647E369">
<createdBy>ead</createdBy>
<modifiedBy>ead</modifiedBy>
<createdTime>2025-06-17 00:00:55 UTC</createdTime>
<autoRoute>false</autoRoute>
<boxInbox>true</boxInbox>
<showLegend>false</showLegend>
<showLabels>false</showLabels>
<showRelAttributes>false</showRelAttributes>
<gridEnabled>false</gridEnabled>
<showGrid>false</showGrid>
<diagramColor>-1</diagramColor>
<display>false</display>
<notation>1</notation>
<showComments>true</showComments>
<objectViews>
<OView class="oracle.dbtools.crest.swingui.relational.TVTable" oid="036720E9-F0A7-108E-B325-01A74C8D6448" otype="Table" vid="074328A1-50A6-C707-03E3-41E8A9DBBFA5">
<hideElementsInCurrentOnly>false</hideElementsInCurrentOnly>
<bounds x="788" y="374" width="313" height="126"/>
</OView>
<OView class="oracle.dbtools.crest.swingui.relational.TVTable" oid="0A42619E-424B-86FB-84C5-DFCA822A5840" otype="Table" vid="28133A4F-B3E9-AC91-6435-1235CCF4A181">
<hideElementsInCurrentOnly>false</hideElementsInCurrentOnly>
<bounds x="42" y="36" width="479" height="120"/>
</OView>
<OView class="oracle.dbtools.crest.swingui.relational.TVTable" oid="6B843F90-19E7-1A4E-CD5F-701284EC512E" otype="Table" vid="60C6D1A2-9969-FD93-F6D7-0D80CC09DFE9">
<hideElementsInCurrentOnly>false</hideElementsInCurrentOnly>
<bounds x="48" y="195" width="450" height="120"/>
</OView>
<OView class="oracle.dbtools.crest.swingui.relational.TVTable" oid="712EA1C6-EC3F-26BE-3D67-DB104D1A1222" otype="Table" vid="FBDDE971-E4F7-0BF4-29E0-8527D820D65A">
<hideElementsInCurrentOnly>false</hideElementsInCurrentOnly>
<bounds x="14" y="383" width="581" height="148"/>
</OView>
<OView class="oracle.dbtools.crest.swingui.relational.TVTable" oid="85313B1D-1885-AAE0-7453-1062F73990F7" otype="Table" vid="226D0604-002F-22AF-F26F-C3CB5F98F4C9">
<hideElementsInCurrentOnly>false</hideElementsInCurrentOnly>
<bounds x="654" y="100" width="440" height="154"/>
</OView>
<OView class="oracle.dbtools.crest.swingui.TVNote" oid="F98D1A94-0988-0340-6D5C-D6D9E14E8380" otype="Note" vid="419C15A5-037B-0DC0-6E3B-CCFFC89B0D5D">
<hideElementsInCurrentOnly>false</hideElementsInCurrentOnly>
<bounds x="612" y="12" width="325" height="51"/>
<useDefaultColor>false</useDefaultColor>
<backgroundColor>-13421773</backgroundColor>
<foregroundColor>-16777216</foregroundColor>
<comment>Modelo Lógico - Oracle Data Modeler</comment>
</OView>
</objectViews>
<connectors>
<Connector class="oracle.dbtools.crest.swingui.relational.TVFKRelation" oid="353725CD-7986-6DFD-4635-52BD1AAD36C1" otype="FKIndexAssociation" vid_source="FBDDE971-E4F7-0BF4-29E0-8527D820D65A" vid_target="074328A1-50A6-C707-03E3-41E8A9DBBFA5">
<hideElementsInCurrentOnly>false</hideElementsInCurrentOnly>
<backgroundColor>-16777216</backgroundColor>
<lineWidth>1</lineWidth>
<points>
<point x="595" y="441"/>
<point x="788" y="441"/>
</points>
</Connector>
<Connector class="oracle.dbtools.crest.swingui.relational.TVFKRelation" oid="92FF977C-A555-BFEA-A449-7BEADC797BD3" otype="FKIndexAssociation" vid_source="226D0604-002F-22AF-F26F-C3CB5F98F4C9" vid_target="074328A1-50A6-C707-03E3-41E8A9DBBFA5">
<hideElementsInCurrentOnly>false</hideElementsInCurrentOnly>
<backgroundColor>-16777216</backgroundColor>
<lineWidth>1</lineWidth>
<points>
<point x="944" y="254"/>
<point x="944" y="374"/>
</points>
</Connector>
<Connector class="oracle.dbtools.crest.swingui.relational.TVFKRelation" oid="969249B4-990D-174E-FD3A-585B4F100A96" otype="FKIndexAssociation" vid_source="28133A4F-B3E9-AC91-6435-1235CCF4A181" vid_target="226D0604-002F-22AF-F26F-C3CB5F98F4C9">
<hideElementsInCurrentOnly>false</hideElementsInCurrentOnly>
<backgroundColor>-16777216</backgroundColor>
<lineWidth>1</lineWidth>
<points>
<point x="521" y="128"/>
<point x="654" y="128"/>
</points>
</Connector>
<Connector class="oracle.dbtools.crest.swingui.relational.TVFKRelation" oid="C73A6675-D48D-6D41-FF62-0D9B32A815F2" otype="FKIndexAssociation" vid_source="60C6D1A2-9969-FD93-F6D7-0D80CC09DFE9" vid_target="226D0604-002F-22AF-F26F-C3CB5F98F4C9">
<hideElementsInCurrentOnly>false</hideElementsInCurrentOnly>
<backgroundColor>-16777216</backgroundColor>
<lineWidth>1</lineWidth>
<points>
<point x="498" y="228"/>
<point x="654" y="228"/>
</points>
</Connector>
</connectors>
</Diagram>