<?xml version = '1.0' encoding = 'UTF-8'?>
<relationalModel class="oracle.dbtools.crest.model.design.relational.RelationalDesign" name="Relational_1" id="1ED787EE-D417-E3B8-4973-BC5E8A5B53F7" mainViewID="C2DF57DC-F116-2E4B-5C67-F5F55647E369">
<createdBy>ead</createdBy>
<createdTime>2025-06-17 00:00:25 UTC</createdTime>
<ownerDesignName>DMD_Logico-AutoFacil</ownerDesignName>
<shouldBeOpen>false</shouldBeOpen>
<selectedRDBMSSite>01F6E6D1-21D0-CFBD-ABDD-3988D1813575</selectedRDBMSSite>
</relationalModel>